transaction_id,customer_id,product,quantity,price,date
7efaff9d-7145-477d-ab28-94133fa88be1,f182d756-c1cf-4eaa-a06b-8bb5c3e947ca,Laptop,5,1159.16,2024-07-21
2ecf31b5-bb0a-4b70-a239-4c8d499bfe14,b1f23130-7873-418f-8763-82fa28a7069c,Laptop,3,1792.36,2025-05-11
0df761ce-85b2-43b7-aaa3-527637691663,1353a675-7cea-4030-a5a6-9eb8c25132f6,TV,3,616.37,2025-04-20
047d3564-8dee-4094-84b4-5f71a27d8e98,86095e0e-46a6-4f86-b698-c0dac55b39f3,TV,2,1046.76,2024-12-18
a8572d36-6b12-4dc4-a39e-f5459c990be3,5cb87cad-6b36-40d6-bb65-e89393ee418f,Headphones,5,1417.18,2025-03-10
acd6b1a5-2aac-48bc-9886-e00b16ad5c35,dba4e238-eb10-4e58-8223-c1914521e241,Phone,1,1019.59,2025-06-25
10949e99-4730-4fd9-8b5e-d55565d57b9a,360102b7-d74f-42b0-a759-61bd7bdc1ae0,Charger,1,638.85,2025-01-05
f78a5178-8f53-4a04-b3c2-a47dca4f7499,f13e2c0c-1a39-4fc2-8480-7f2a67c24082,TV,1,1965.82,2025-04-04
d9799ac0-711a-4c4b-955a-78e341edec74,faaf76f8-105e-4106-bad0-bead1c688392,Laptop,3,1512.66,2024-11-16
5b30ce29-429e-4409-80e6-2d61e2e42533,658f06c7-6ea2-4c21-8d91-f94b2fe4ce86,Headphones,4,1018.99,2025-05-08
9e762802-05c8-4c6e-ac90-02e4188edd09,719c523e-1fbb-4d9b-ba1b-02acdae10ccb,Phone,2,1539.09,2025-01-19
bfa49630-fe15-4178-b2b0-39058582d52f,dba4e238-eb10-4e58-8223-c1914521e241,Charger,5,895.77,2024-08-12
89916da8-5e17-4b54-8c00-7d15e6a4745b,bff2b467-5dd3-4056-ac19-7a1747e63591,Laptop,2,1300.92,2024-10-04
e925ab65-890f-4669-bd1f-c8a441cb634f,3310bf58-aeaa-4526-979c-eff4051a0692,Charger,5,1831.3,2024-09-18
27a08fcf-15ce-4272-950a-0b83330f8616,6a193248-3534-4f7b-8e11-6bcc1dbec6fd,Phone,1,410.96,2024-08-26
d0dd5300-8d75-4475-b428-416e92be7c4b,c3f399fb-76bb-4be0-ad18-29a7baaf6634,Laptop,1,547.19,2025-02-03
4b310732-3a31-4c69-b1a9-498a9b94fd2b,9c29a98c-f35a-4216-a022-191cf635135a,Laptop,4,790.11,2025-02-19
2bfba79e-099f-4348-b08e-f1f720c87d14,cc9f26c5-21c6-45e9-ba9d-5621027cd02f,Charger,3,1039.23,2024-12-11
26bff504-ab83-449b-aaea-e2d392bc2e04,41a25cd2-9595-492e-9611-2895bdde4a24,TV,2,458.4,2024-12-21
7a269e42-b450-4df4-81d6-9e9d22b2aeba,e76a9cbe-9449-458a-90a1-2c4252b57264,Phone,4,1223.66,2025-01-17
0b4dfe88-aff9-40ab-ae9c-cca0aa68bd1b,5f42d05e-fa44-48f6-8b29-6e59d98c3c28,Phone,2,1484.55,2024-11-09
42dd1adb-8ac7-473b-8f35-f8f9f97cecad,c3f399fb-76bb-4be0-ad18-29a7baaf6634,Laptop,5,594.79,2024-09-13
2feed230-e544-4411-a8fd-b859b81461be,55d2a2be-ba77-44d7-ad7c-a309efa7721a,Headphones,5,131.97,2025-07-02
ca11e6a7-4a8e-4789-83c6-a2aaff50522e,69b88611-28b2-4ac0-8643-0ede8ed93a74,Charger,4,1732.73,2025-07-03
4e6c2538-7a92-49c0-a26d-76c970ac8ff9,5cb87cad-6b36-40d6-bb65-e89393ee418f,Charger,1,1594.71,2024-11-02
8b2e0166-3c69-4328-b62a-e15d9674f407,0018c2f8-427f-41c1-b38e-6af6cea368fc,Charger,1,1216.23,2025-03-10
e90288f8-2560-45be-9613-498971914f73,0d322814-3239-41d0-bedc-c09c67d6678e,Laptop,1,1468.49,2025-03-04
31f322d2-3320-415b-b21d-1383c56b476e,f5f05b64-e2e2-4d16-a15c-112215aff953,Headphones,1,779.71,2025-03-27
ca111ad2-a21c-4058-8d88-cafb0b5b4a2c,1a0e7e62-2ea4-413f-b764-efa294cb982b,Charger,1,885.85,2024-10-14
45defe0f-0887-45a5-8bfc-02b7f33acdd3,bbf614dd-c258-476b-b4e5-11bc78eed5e5,Charger,2,1171.32,2025-06-05
3a11755e-f2c2-4f5a-bfa5-3f2fd817f072,c6f8ab51-2057-447b-906b-e952d3496648,TV,3,255.24,2025-01-29
fc74924a-5ec5-4615-8f91-65679284d366,90420655-2053-4398-b1b2-246a37ac640a,Headphones,2,1491.54,2025-01-01
949e3dc2-ba76-4d06-907e-3ec897fc0062,b6572e5d-ed44-4e03-9707-da060c632697,Headphones,3,1386.5,2025-02-26
0c76781f-11ca-4291-b9b4-556071082ac9,52c16b2e-3cbb-4b16-b149-04cda2681a9a,Charger,2,507.06,2025-06-23
9e352662-4345-4dae-8d81-dbef75deea7c,5f42d05e-fa44-48f6-8b29-6e59d98c3c28,Headphones,1,1794.83,2025-03-13
6fae0ca5-9501-402b-b5c5-165357915562,b153a1d4-ddd6-4a32-a8db-8841a2d39b46,Charger,2,226.53,2025-03-12
b32c4f6e-f7f6-4291-a7a0-209d9017c824,78c67eb9-1114-4514-956a-41bac4c016f0,TV,3,410.16,2025-05-23
b1071722-b78c-4220-a38c-d4f8565cc7ef,928b6c03-1b86-44f2-8656-232b43a87065,Phone,2,1699.89,2024-12-03
92f8c500-2edb-4e52-bdd3-03e4108562b4,f9136eeb-5945-4497-ae70-c9f945297b67,Phone,3,1414.75,2024-09-15
ddbd9850-9b91-41a7-aa6d-46013ec2fc68,42b7685e-76fd-4882-aa1d-cf44bc58b0f0,Charger,5,193.33,2025-01-05
c099083c-2ede-40c2-910e-b5e18014cf65,86095e0e-46a6-4f86-b698-c0dac55b39f3,TV,3,60.81,2025-07-01
0f3ad9b5-0927-4fda-9dca-139245768605,f182d756-c1cf-4eaa-a06b-8bb5c3e947ca,Laptop,4,469.44,2025-06-11
d7294c39-f4a6-4073-adcf-df4032e7b7a2,5f8bbea2-7982-41eb-bc2e-b73f3a7aa767,Laptop,3,589.71,2025-06-18
3c5d6771-d443-4087-b0d4-cd57c8fa37d3,b1c62f82-4c7b-4de9-8ba2-963b312a7b5f,Phone,5,1898.33,2025-03-13
1f291db1-2230-4d7d-a6e6-a4e1e3af9091,9c29a98c-f35a-4216-a022-191cf635135a,Phone,5,1575.96,2024-09-27
bf291dc5-10bd-44fc-86df-fa683604710f,b743a2dd-5629-4d8c-a502-53cb1321cc8e,Charger,2,740.87,2025-03-05
37d9f588-b6ce-43c7-93b1-55730a197a4d,1831d1d9-d91f-4473-ab61-44c7ce2d2b7f,Phone,1,1983.04,2025-06-20
7ff04a07-1260-4747-a38b-e7efa1e4ead9,cc40bb30-fa73-4e43-b233-ade677e9ad0c,TV,4,1565.8,2025-05-19
bf8998b3-27cb-45f8-8eab-381fde761bd4,83acb20e-253f-4b1c-ad26-32b337d32877,Phone,5,1474.18,2025-05-23
f553d14c-5be2-4c20-b7a3-1ea8215aedac,1159da14-5a5c-4c10-a514-bceee8e749fd,Laptop,2,695.38,2024-09-19
9576f0ed-6322-4c2c-b65e-9f2ffcb2684f,07ba710c-716e-479b-bfc3-9266e9a132f3,Phone,4,969.69,2024-11-06
7d4e27c2-55b2-4b15-993e-1bb8d2fc00ea,86095e0e-46a6-4f86-b698-c0dac55b39f3,Charger,1,1244.04,2024-07-31
81c55f1f-1a6f-4875-a7e3-229aa0273748,1a0e7e62-2ea4-413f-b764-efa294cb982b,TV,5,531.8,2025-03-04
01dcb362-8611-442c-b5ce-3d1c8da6be5d,86095e0e-46a6-4f86-b698-c0dac55b39f3,Charger,4,1360.49,2024-10-17
40476554-2d8e-4e6c-b576-86209c1cae3c,52c16b2e-3cbb-4b16-b149-04cda2681a9a,Charger,1,215.72,2024-10-01
44fff859-5999-434b-8e94-16dc41aac2fb,f182d756-c1cf-4eaa-a06b-8bb5c3e947ca,Phone,3,1718.27,2024-07-19
84eac2c0-7e93-472d-9e22-12dcdc2f7101,5f42d05e-fa44-48f6-8b29-6e59d98c3c28,Laptop,2,546.11,2025-03-28
1d938bce-3150-4d1a-b2ba-0bf573b15619,0c72b06c-5781-4338-bcbe-43113218eb2f,Charger,3,630.06,2024-07-26
5d3e529f-8c60-4a31-89d7-df302d18039e,86095e0e-46a6-4f86-b698-c0dac55b39f3,Charger,3,1138.18,2025-01-02
a9241fb0-267f-47f6-b57c-a30cb9cd86ad,1a0e7e62-2ea4-413f-b764-efa294cb982b,Headphones,1,235.72,2024-09-20
2571075f-91e0-4516-b116-6d0b802a8d38,b1f23130-7873-418f-8763-82fa28a7069c,Headphones,3,543.95,2024-08-14
cc0a1ad4-9a4d-4e93-980a-825408d4117e,c8c88e7f-dde6-4f36-9bd2-898bed8640ad,Charger,2,1912.25,2024-11-16
430a72a8-7419-4b51-8246-9aa12ecf0e70,90420655-2053-4398-b1b2-246a37ac640a,Laptop,5,555.48,2024-10-13
34fea9b7-8a08-4ca3-a919-63722b84fc7d,b466e5c1-6e10-4b4b-ab25-50c193d9ed6b,Charger,4,1896.77,2024-12-31
8562a807-ed51-426c-8597-e7079324d8de,3310bf58-aeaa-4526-979c-eff4051a0692,Laptop,1,704.26,2025-02-05
3f2f6a6d-f5cc-45b0-acba-0bdc690e428b,b1f23130-7873-418f-8763-82fa28a7069c,Charger,2,1409.73,2024-11-15
487d20f7-2673-4c1c-95ed-889bed736b45,69b88611-28b2-4ac0-8643-0ede8ed93a74,Charger,2,400.7,2025-02-02
092c9771-f6c0-4b33-85c5-f659e5cccfc4,d6f25178-5afe-4622-b682-9256368a8619,Laptop,2,83.84,2024-12-14
754a3d36-0929-43bb-bb1b-e54d51f00cfa,8217c19a-29c2-4a52-a15d-eed93bfa7674,Charger,2,562.96,2025-05-19
e7085801-45f0-4fed-acd4-f8242461eeb6,7e1a43ec-f404-4c01-b095-8ac5cb453990,Headphones,2,112.81,2025-03-15
bf96c9f1-657b-41e2-9683-342d4191ca4d,d69ef02b-1990-44b7-a963-e83d530f58fc,Laptop,4,1841.47,2024-08-15
72b1326f-dca5-4628-a238-86b940124f7c,ae7507dd-a699-4d7f-b7b6-f40c7543cd72,Phone,3,954.18,2025-05-10
1ead0f33-6a69-463f-b87e-4f7706588104,3a8b40dd-863a-4a38-85a7-447bdd85ab77,TV,3,349.22,2025-04-30
444d4066-f229-4248-8f17-78232f41d2db,16a1a3b0-167e-4623-8b58-a669883a8ce8,Charger,2,1156.35,2024-10-30
2ed556b2-c2ef-4e96-9591-2478b45ed4f2,217a5b30-a97a-4ed3-a4ad-3adc5a9c6efa,Headphones,2,951.81,2024-12-29
7a000554-174a-49ac-9da5-23a7e9f66905,9a2edb00-dd33-4476-b6ed-506a543212e1,Phone,4,1114.27,2024-10-11
0dcc187c-26ab-415e-a13c-b625a779a08e,b466e5c1-6e10-4b4b-ab25-50c193d9ed6b,Laptop,2,1553.64,2024-10-29
139087d9-c9b7-40a6-b0e7-8181b1bff237,c3f399fb-76bb-4be0-ad18-29a7baaf6634,Headphones,5,1171.83,2024-12-10
e9d4fbb5-62f0-4494-9929-52afe4baa1e9,b1c62f82-4c7b-4de9-8ba2-963b312a7b5f,Headphones,4,250.7,2024-08-14
dcc2bc2a-4d4e-4a98-82dc-fc8b686e2fbb,f9136eeb-5945-4497-ae70-c9f945297b67,Headphones,4,1259.84,2025-04-27
ac3ff86e-9079-4805-a45b-ac29e6fff8d5,e73d2b45-5ef7-413c-9dc3-6beb5537be81,TV,1,1164.34,2025-02-05
00368aa0-adfa-41df-8d98-300e58e34962,f270d9ee-398d-4394-9e83-b7b0f0e3233e,Phone,5,459.78,2025-07-01
fe61f1b4-9ad8-46c7-b681-682369083b27,1f0d1961-d19e-439e-8d18-b5472e186e0f,TV,3,333.36,2025-03-25
a6481f82-8b87-4ca4-baa1-c190b9cbd36e,6a193248-3534-4f7b-8e11-6bcc1dbec6fd,Charger,1,592.95,2024-09-29
63cb2abe-f61e-4cba-8e06-32d86bd93cce,5f42d05e-fa44-48f6-8b29-6e59d98c3c28,Phone,2,1304.04,2025-04-19
fd92cffa-ee4d-41a4-8583-1dc1abcdb8c6,f13e2c0c-1a39-4fc2-8480-7f2a67c24082,Charger,3,1391.14,2025-05-11
4a2dd072-95a3-4957-8db5-a42e5c36f17b,278716b7-5cbf-4276-9fc8-59470d811de1,Laptop,5,1094.28,2025-02-03
f17fefac-6cff-4d37-9355-b4c6911b25ed,f270d9ee-398d-4394-9e83-b7b0f0e3233e,TV,1,1781.87,2024-10-15
b7a47ae6-6ac9-4234-9ce2-3f7ea75b07ab,86095e0e-46a6-4f86-b698-c0dac55b39f3,Charger,3,1524.85,2025-03-18
6a6c825d-76ae-49ca-acbf-8bd9a2bfb342,45fc6863-2505-425b-9076-1f121696a3ff,Phone,5,671.77,2024-12-04
e9da284b-3138-437b-851f-b3efb6a41843,722eda5f-5277-43cf-addd-e3906d1d0f06,TV,4,91.57,2024-07-31
b03c6665-c302-4aa1-8249-0b03153dcbd8,45fc6863-2505-425b-9076-1f121696a3ff,Laptop,1,660.7,2024-07-09
5978da86-8b1d-4d8a-9bec-a69013dd99ae,2c634477-c025-4cb2-9ee2-1bc04e4d1e8d,Charger,4,1537.42,2024-09-08
61823fbf-b61a-41b8-ab2a-903314beab1e,1831d1d9-d91f-4473-ab61-44c7ce2d2b7f,Headphones,1,1879.82,2025-05-19
4e6dbc4f-0596-428f-a827-363bef300a33,b466e5c1-6e10-4b4b-ab25-50c193d9ed6b,Headphones,2,466.5,2024-07-03
dc149a4a-1001-4f87-83b3-35bf6adc2956,217a5b30-a97a-4ed3-a4ad-3adc5a9c6efa,Phone,2,74.45,2024-08-05
ef71132e-a2d8-48d6-a794-a6274028a229,41a25cd2-9595-492e-9611-2895bdde4a24,Phone,3,508.55,2025-02-01
1995918d-92e6-41f1-b85a-93b81d243e76,c8c88e7f-dde6-4f36-9bd2-898bed8640ad,TV,4,790.71,2025-03-20
38669d92-ed0c-41a3-b621-7112da74774f,e76a9cbe-9449-458a-90a1-2c4252b57264,Laptop,4,557.7,2025-02-19
01c95d8c-e6d1-47e1-8b5a-3c5c922d9e2e,1159da14-5a5c-4c10-a514-bceee8e749fd,Phone,2,1235.81,2025-02-06
b98bafac-58fd-4633-a535-5bf867cc5efb,b1f23130-7873-418f-8763-82fa28a7069c,Phone,4,1896.53,2025-02-03
1856ec85-3359-4516-b374-ab2a4774d3bd,aff084cc-4296-4a85-9d31-88be2777f032,Laptop,3,1329.88,2024-07-07
09f97000-bd66-430f-ba80-7c845f1c8ac4,6337c853-aa7c-4a29-98b4-0f056763a5ed,Charger,5,292.65,2025-01-04
d008cb91-343c-4fe4-a5b7-7fdcb796c5a7,2c634477-c025-4cb2-9ee2-1bc04e4d1e8d,Phone,1,604.5,2025-05-21
9975f29c-3c61-4c1e-84ec-1f3aa5c85c46,2c634477-c025-4cb2-9ee2-1bc04e4d1e8d,Laptop,3,1468.49,2025-02-14
4d005d41-2ca5-4593-a19a-e7bae6259a00,2f3fb958-954b-4b06-8d5b-5c7dfaa10972,Charger,2,359.46,2024-10-11
455a9885-83be-43ff-a4f6-a127c2f3d85e,86095e0e-46a6-4f86-b698-c0dac55b39f3,TV,1,628.57,2025-03-15
76a955b3-5a59-4190-9409-79e6d9f874ac,0474f022-f3b2-4c7c-aedb-fe540a52db01,Phone,2,426.68,2025-04-11
f70f18ff-b032-4f3a-9b40-8cf47f178e3b,25150581-da46-4e82-89d4-4a9f8df49132,Headphones,4,945.29,2025-06-22
eaa4a6da-278a-4be9-aadc-2d53ac88015f,5dfcf177-3220-4e36-90df-5dcbc85302a3,Charger,5,1851.59,2024-10-07
30df8fa4-6b5f-4e30-8a6f-e818a66c4a3e,0474f022-f3b2-4c7c-aedb-fe540a52db01,Charger,5,450.56,2025-04-16
39baa1cf-20d9-4619-bb58-dd933ba2ef48,cc9f26c5-21c6-45e9-ba9d-5621027cd02f,Phone,3,1429.54,2024-09-04
eb4d184b-adbe-4a48-b1de-03fcfccdf4ca,db34e2b8-52e5-441d-a179-24626f8e56cb,Laptop,2,1035.61,2024-09-05
c73a666e-4cbc-4be4-84cd-c64a7132fe0c,2f3fb958-954b-4b06-8d5b-5c7dfaa10972,Laptop,3,1876.23,2024-10-03
12321a5e-229c-4dc8-b1c0-6f3556b030f1,dba4e238-eb10-4e58-8223-c1914521e241,TV,5,1839.51,2024-07-16
43d184cd-0f24-4201-b59e-07c21cfbf1c1,658f06c7-6ea2-4c21-8d91-f94b2fe4ce86,TV,2,601.69,2024-08-13
514d45ab-21a0-44db-b388-9d4624ded153,80bdf451-3b8f-4a75-9b41-df3f9a256180,Headphones,4,867.04,2024-07-03
bdf04920-f38d-4c42-b64d-d497e9b98bfa,b466e5c1-6e10-4b4b-ab25-50c193d9ed6b,Phone,1,608.41,2025-01-20
246aae99-725f-49dd-9e06-bfc9ae87b925,45fc6863-2505-425b-9076-1f121696a3ff,Headphones,1,782.24,2025-06-22
e50b255c-100f-44fb-8d6b-4679b9687c39,0dd96194-438d-4269-b3c1-a9c70a9ba625,Charger,3,507.63,2025-01-05
67a98e41-1fa7-4462-a4f8-c20a5385de04,9cfcf20a-c61e-4e8a-8689-9b80d8fee3ec,Headphones,3,489.51,2025-06-06
76296b0b-1342-4694-9bf6-5fb8c065dc31,41a25cd2-9595-492e-9611-2895bdde4a24,TV,1,1383.4,2025-04-02
30e87cf6-829a-4ce0-adef-401aa8979574,1831d1d9-d91f-4473-ab61-44c7ce2d2b7f,Charger,3,946.86,2024-10-05
d89edc2b-688d-4608-a1d0-50843df8f963,83acb20e-253f-4b1c-ad26-32b337d32877,Laptop,3,1409.48,2024-10-02
dd3368eb-404f-4b92-aeae-fa86fe3c9c3a,1831d1d9-d91f-4473-ab61-44c7ce2d2b7f,TV,5,1555.01,2024-09-04
581162bd-13dc-4d3f-80bd-881d00b39366,f13e2c0c-1a39-4fc2-8480-7f2a67c24082,Phone,5,1232.36,2024-09-30
bbb29fd3-ff05-4b53-a79c-40ea222d42e2,35463031-7ad3-49d3-81ff-88d0837d2000,TV,5,1326.34,2024-08-28
24d2ec12-3086-48c8-bc4c-b5dd83674763,9735912d-3f15-4aac-b30b-1a8f551ce260,Phone,1,361.83,2024-08-19
3bc8da3c-5bb3-4297-a3ea-d93abb008bbb,cc40bb30-fa73-4e43-b233-ade677e9ad0c,TV,4,678.3,2024-11-24
2cac34f0-7b40-49df-b1c9-8c594736731b,3386736b-24e0-49ca-ae0c-1014346c9610,Phone,3,1295.95,2025-02-01
1525b8af-61af-4870-95e5-d4e0d43e8bb9,18d0caed-6143-409d-9c62-bc22d35466b5,Laptop,1,1199.2,2025-01-14
95117a0f-9cf2-44d6-95ac-bbb155e2b148,1f0d1961-d19e-439e-8d18-b5472e186e0f,Charger,3,1861.25,2024-09-07
b7c6ea6d-754b-42a3-9acc-d3a40c67d84b,b166ac2e-1c02-4d1c-a702-493440221dbf,Headphones,2,1540.39,2024-12-01
8a4aeb6e-1d7f-4147-a74e-145c11838702,719c523e-1fbb-4d9b-ba1b-02acdae10ccb,TV,5,1033.79,2024-11-05
1bbb98ab-1a5e-4904-9abe-b43b760c2038,6a193248-3534-4f7b-8e11-6bcc1dbec6fd,Phone,4,1170.94,2025-01-14
1a12bc72-7256-4a72-a8cf-ed9f6fe0b2e9,e76a9cbe-9449-458a-90a1-2c4252b57264,Charger,2,160.69,2025-06-16
9284750e-e152-440c-a4de-bed0f3f40ac2,86095e0e-46a6-4f86-b698-c0dac55b39f3,Charger,2,860.92,2025-07-03
77608f75-419a-43de-ac1b-038d0d456bf6,b166ac2e-1c02-4d1c-a702-493440221dbf,TV,4,1045.65,2025-01-18
55b12441-3445-4865-ab57-9c585e546d2e,1f0d1961-d19e-439e-8d18-b5472e186e0f,Headphones,2,581.51,2025-03-05
7f5cd923-545d-4288-8e7a-4c383403b102,faaf76f8-105e-4106-bad0-bead1c688392,Laptop,1,1930.72,2024-09-22
bb57b403-f762-4a15-9ed1-3add579ab20d,1f0d1961-d19e-439e-8d18-b5472e186e0f,Charger,5,1723.17,2025-04-04
a2fb382c-f870-4ef3-9fe4-d555a77671c9,1353a675-7cea-4030-a5a6-9eb8c25132f6,Phone,1,63.98,2024-08-11
b2c80552-786c-42c9-b5d8-505cdb24f704,1a0e7e62-2ea4-413f-b764-efa294cb982b,Charger,1,348.27,2025-05-30
126b06b5-d5bc-474b-9ffb-dd3291e0f31e,18d0caed-6143-409d-9c62-bc22d35466b5,Laptop,2,429.54,2025-01-12
3547379d-d7f0-4cd8-89b6-79a85df36df1,80bdf451-3b8f-4a75-9b41-df3f9a256180,TV,2,999.21,2025-03-23
f039936d-7c78-4ce7-bb87-63eedbaf6230,2c634477-c025-4cb2-9ee2-1bc04e4d1e8d,Charger,3,1321.06,2024-10-17
fb579913-4f19-405a-a5f5-7d9306207d79,60b4c272-4d53-446b-80fd-5d369b571031,Charger,4,741.37,2024-12-24
c18a73e4-56c9-4685-80e9-4c7fcee284ac,3a8b40dd-863a-4a38-85a7-447bdd85ab77,TV,3,79.26,2024-07-20
a091c492-01b1-4e91-8758-b0d05e71ca7b,3101fa46-db57-4b4d-a88c-657a57e3da86,Phone,5,1724.11,2025-06-11
9d3298a6-f110-4007-9b2b-ee8b8fbf5c6d,217a5b30-a97a-4ed3-a4ad-3adc5a9c6efa,Laptop,2,524.3,2025-06-24
c0252dc7-0c6f-474c-a9ba-62ce1424585a,ddf3661c-05e4-4f34-8d99-1d51ffca0833,TV,4,863.53,2025-02-14
f6caaa82-b3de-400a-ba93-e34dfbe0e4a1,8124a0cc-4dc9-465c-ba96-4b67aedc0a22,Laptop,3,811.87,2024-12-28
f01952a9-ab2d-4807-ada1-c25634e59807,43fbe9d3-645d-42d0-be7d-b9aeb681efb7,Charger,1,1252.31,2025-02-13
a414b2ff-5f7b-4fe2-b687-68862261250e,90420655-2053-4398-b1b2-246a37ac640a,Phone,4,1763.41,2024-08-24
cf781174-46ba-48bd-ac2d-7aaf0952c919,d69ef02b-1990-44b7-a963-e83d530f58fc,Phone,5,1003.82,2025-04-09
6ecc21cb-5415-4fbf-8c9c-b27b23030914,658f06c7-6ea2-4c21-8d91-f94b2fe4ce86,Charger,4,529.04,2025-01-18
a15f0660-f052-47f5-9d66-c8b34eed3c59,c6f8ab51-2057-447b-906b-e952d3496648,Phone,3,779.86,2025-06-29
f4670989-e6c3-445e-a3dc-7612896d5239,55d2a2be-ba77-44d7-ad7c-a309efa7721a,Headphones,5,1967.43,2024-08-20
e50c1eaa-1c0f-4005-bd2a-34a90d35e4d8,8124a0cc-4dc9-465c-ba96-4b67aedc0a22,Headphones,5,119.22,2025-04-07
ec41056d-8ab2-4eae-b89a-9c6114b9d962,f182d756-c1cf-4eaa-a06b-8bb5c3e947ca,Headphones,1,1113.43,2025-05-28
bd1bdad5-2c2e-431d-89d0-a32483dac9aa,3386736b-24e0-49ca-ae0c-1014346c9610,Charger,3,1547.82,2024-10-16
b9ec359d-830e-491e-8f7d-914d076e823b,1159da14-5a5c-4c10-a514-bceee8e749fd,Headphones,2,555.46,2024-07-08
c9238d53-3de2-4ede-85cd-c6ae24921609,c8c88e7f-dde6-4f36-9bd2-898bed8640ad,TV,5,1606.39,2024-11-21
0b8446e0-4b8f-44ca-a342-90fdb8d1a177,05d88417-be12-4f66-ac07-de5f052ea68d,Phone,1,456.86,2024-07-10
0ad8cc3a-e979-4933-a562-5b5e42b6fe22,3310bf58-aeaa-4526-979c-eff4051a0692,Headphones,3,1481.82,2024-09-22
b98bffd1-aa88-4d1f-9e33-8dc3dfec55cb,d7374eef-098a-4d1f-aab6-970f0eea6a8a,TV,2,1049.42,2025-05-06
2abe1301-25da-4dcb-9282-30b71f6be461,1a0e7e62-2ea4-413f-b764-efa294cb982b,Phone,4,1118.59,2024-07-17
3a981c02-457b-49f1-b5b4-7f9ea35bdc68,d1105895-7c16-4f2e-a03d-977aa5832dd9,Phone,1,1483.92,2024-12-28
20ac29c8-d921-4b3d-9fc1-fabec17140a4,43fbe9d3-645d-42d0-be7d-b9aeb681efb7,Headphones,3,1759.4,2025-06-09
ab002592-2973-488b-a0f5-eac273284e8a,60b4c272-4d53-446b-80fd-5d369b571031,Headphones,5,1253.71,2025-05-21
a48a838a-57ae-4279-b4ee-6a8e39be4b1e,bbf614dd-c258-476b-b4e5-11bc78eed5e5,Charger,4,1883.59,2024-07-13
cb222506-681d-431b-ba50-b8029b3592e6,69b88611-28b2-4ac0-8643-0ede8ed93a74,Laptop,5,1076.77,2024-10-26
807c694b-d689-4cf2-839a-5b5f9150b8d7,cc9f26c5-21c6-45e9-ba9d-5621027cd02f,Phone,4,1944.45,2025-06-08
68340249-76ac-4abb-ae67-cdb36a5690ec,ce02f28c-d1b5-4662-b936-985199d0b69d,Laptop,4,130.94,2024-12-01
6fa86f76-856b-4680-9dcd-4239f5e4ca8d,e0f0a280-02c7-4a5d-830c-6565ef655a0b,Laptop,3,645.87,2025-03-28
538adc89-7862-4f8f-9059-bb5da2e3e58c,ce02f28c-d1b5-4662-b936-985199d0b69d,TV,4,1494.48,2025-06-28
81765c89-2fc2-4ba0-afc6-8d21ffd16437,25150581-da46-4e82-89d4-4a9f8df49132,Headphones,1,1586.06,2025-03-14
0f7ac29b-b09d-418f-ad32-be33fe063fef,90420655-2053-4398-b1b2-246a37ac640a,Charger,1,942.18,2024-10-24
98dff076-40aa-4244-9176-327aed881543,badaa641-ac20-44a2-ad70-5b710417e34e,Laptop,3,1757.9,2024-11-12
1290d421-6dc8-4a12-9920-a825aa1dfa89,45fc6863-2505-425b-9076-1f121696a3ff,Headphones,1,426.0,2024-07-11
45421224-fea2-4d7b-b3e9-1b33fd2401ea,90420655-2053-4398-b1b2-246a37ac640a,Phone,2,917.93,2025-06-28
0c0451fd-4451-4421-9bd0-e21168af69dc,1a0e7e62-2ea4-413f-b764-efa294cb982b,Laptop,2,1779.37,2025-03-21
f047ae13-2fbc-433c-8173-9d71870e5b73,55d2a2be-ba77-44d7-ad7c-a309efa7721a,Headphones,5,1109.56,2024-08-30
727cf5af-9632-47a8-81b2-8054ad34c191,5cb87cad-6b36-40d6-bb65-e89393ee418f,Phone,1,1207.27,2025-02-08
95a27919-487c-4dc4-a149-4a6608af994f,5942f647-461d-4b36-99ec-57085333c6bb,Laptop,4,1101.51,2025-06-27
95f3f15d-b972-4770-9eca-f7642feb236d,5942f647-461d-4b36-99ec-57085333c6bb,TV,4,304.22,2024-10-13
69fb35df-8d33-4932-b249-b56e92c04b88,78c67eb9-1114-4514-956a-41bac4c016f0,Laptop,1,1294.34,2025-03-25
bc5aa9e5-8d88-4afe-8be7-f104a1443c47,cc40bb30-fa73-4e43-b233-ade677e9ad0c,Charger,4,466.12,2024-10-19
ccc6098b-8edb-4384-bb7b-4bae45e496ce,e76a9cbe-9449-458a-90a1-2c4252b57264,TV,3,111.72,2025-01-11
db22e737-ddaa-41bd-9193-920a2403b351,ba819a20-5bf3-4ea4-b216-48b5b175ecfb,Charger,4,1570.53,2025-03-07
8d760acf-93f3-4d2b-a27a-8e1a7d36c3c8,928b6c03-1b86-44f2-8656-232b43a87065,Headphones,3,1529.51,2025-04-13
e16fa725-e4f3-42e0-870f-0c4e60a3b7a5,5942f647-461d-4b36-99ec-57085333c6bb,Laptop,3,221.13,2025-06-18
d7019d60-e214-4706-a499-4f162bce59ec,69b88611-28b2-4ac0-8643-0ede8ed93a74,TV,4,1364.72,2024-07-13
c64829bc-7971-4e22-a05a-c19744a46ca2,41a25cd2-9595-492e-9611-2895bdde4a24,Phone,3,274.08,2024-11-09
b7fe5a89-2db2-47d9-881d-5ab372d8203f,f270d9ee-398d-4394-9e83-b7b0f0e3233e,Charger,1,542.63,2025-02-24
034ddb48-8d28-4ba8-8c59-d697b8583662,e0f0a280-02c7-4a5d-830c-6565ef655a0b,Charger,2,1620.71,2025-04-27
7d0a1f3b-d6e8-4bb2-855b-635304a4cd26,0c72b06c-5781-4338-bcbe-43113218eb2f,Charger,5,155.77,2025-04-21
0a454270-eb2b-4cec-a139-7cd07d0823eb,b166ac2e-1c02-4d1c-a702-493440221dbf,TV,2,1326.18,2024-08-26
01e25de2-c615-49b1-bf7e-e5db09bd362b,928b6c03-1b86-44f2-8656-232b43a87065,Phone,4,1996.73,2024-09-11
de17a830-d3ad-4420-8acd-c92446819d6e,d69ef02b-1990-44b7-a963-e83d530f58fc,Laptop,2,208.8,2025-06-11
decfda27-dc6c-4c39-b28a-992e2d52e2ac,07ba710c-716e-479b-bfc3-9266e9a132f3,Phone,5,685.57,2025-04-10
4f881bfd-f76c-453b-a213-9fbb84abaa9a,1a0e7e62-2ea4-413f-b764-efa294cb982b,Phone,4,1383.0,2024-09-30
157cba30-ec11-40da-9ea7-9a038218b406,0dd96194-438d-4269-b3c1-a9c70a9ba625,TV,3,729.35,2024-12-02
5d234c32-cdf1-4cbf-8f50-e37abedd8117,ce02f28c-d1b5-4662-b936-985199d0b69d,Phone,5,943.57,2025-05-21
d3ccd24c-ce0c-48d8-80c2-78808c548634,0d322814-3239-41d0-bedc-c09c67d6678e,Laptop,2,563.85,2024-08-19
8b4c72ae-8de0-4db9-9a44-34141950950e,8124a0cc-4dc9-465c-ba96-4b67aedc0a22,TV,3,145.62,2024-10-10
47bb7ab5-adc8-410a-8977-c1c2af61bb40,0d322814-3239-41d0-bedc-c09c67d6678e,Phone,3,1777.39,2025-02-22
ac65bdcb-31e8-4b17-9520-c12f5ef4ed28,badaa641-ac20-44a2-ad70-5b710417e34e,TV,3,1649.28,2024-11-16
e5100d34-6b8b-495c-9b52-7d2681f2a0fa,1159da14-5a5c-4c10-a514-bceee8e749fd,Headphones,3,1124.45,2025-01-30
a6f66fb6-e831-4a28-935b-5a4edd3081a7,b1f23130-7873-418f-8763-82fa28a7069c,Phone,2,673.59,2025-02-07
c3307f46-58d5-4374-8790-ca3aa230cf2d,cc40bb30-fa73-4e43-b233-ade677e9ad0c,Headphones,5,987.14,2025-01-02
b94ecfab-3c5c-473d-809f-e76b4ba42675,bbf614dd-c258-476b-b4e5-11bc78eed5e5,Laptop,2,1820.16,2024-10-30
b7a0cd3e-0435-4b17-a36d-7acfd1f2f8df,4c9d469a-35cb-4f32-b425-b9f925fb6f7f,TV,4,895.48,2025-02-28
7db0bc4c-9e51-4e43-9039-daed44081d78,6a193248-3534-4f7b-8e11-6bcc1dbec6fd,TV,2,118.22,2024-09-06
cef7b2df-89f4-498e-a9d1-a80f054cbc61,16a1a3b0-167e-4623-8b58-a669883a8ce8,TV,5,1956.79,2025-06-17
a75d276f-6415-4088-a897-6c276222fa92,25150581-da46-4e82-89d4-4a9f8df49132,Phone,3,1235.72,2024-11-29
f640e222-723a-4e72-92db-756bcd6cc271,8217c19a-29c2-4a52-a15d-eed93bfa7674,Headphones,2,1556.85,2024-10-30
6b453649-2f8e-484e-9585-5aebc6d0ea46,0dd96194-438d-4269-b3c1-a9c70a9ba625,TV,2,561.62,2024-09-02
3bfa3d7a-fbfb-4e14-a966-e8d8d378847e,41a25cd2-9595-492e-9611-2895bdde4a24,Headphones,2,616.14,2024-07-14
20622ca4-c9d6-46e8-ae38-31aae6716b9d,1f0d1961-d19e-439e-8d18-b5472e186e0f,Charger,3,1013.11,2024-10-12
a634fd80-ba9d-453e-bb60-2aff9913a000,d1105895-7c16-4f2e-a03d-977aa5832dd9,Phone,1,1938.41,2024-09-06
da88c172-9375-4a65-97e6-927fd8189fcd,8217c19a-29c2-4a52-a15d-eed93bfa7674,Charger,5,374.66,2024-12-02
61348334-56c0-4e56-bebc-36c9a8f0b0cf,0018c2f8-427f-41c1-b38e-6af6cea368fc,Charger,1,894.94,2024-12-20
e8dd3e20-1b68-4826-a4e4-07df16f38fa6,e0f0a280-02c7-4a5d-830c-6565ef655a0b,Phone,5,626.12,2024-11-08
ae26e1fa-6692-43a5-bb2f-0f9d909ac4ff,b466e5c1-6e10-4b4b-ab25-50c193d9ed6b,Phone,5,358.73,2025-05-07
004c82bd-faa9-4461-96fc-fd80fc3271a8,d69ef02b-1990-44b7-a963-e83d530f58fc,TV,5,896.41,2025-03-01
8fce3db1-4185-4a6e-a8da-9576155dc404,25150581-da46-4e82-89d4-4a9f8df49132,Laptop,3,1522.17,2024-09-21
d3fb0ed5-7850-400d-b567-1ac1d2291995,d6f25178-5afe-4622-b682-9256368a8619,Laptop,2,626.89,2025-04-30
9838b6bf-8fcf-4173-8d72-a119f9544389,86095e0e-46a6-4f86-b698-c0dac55b39f3,TV,3,247.02,2025-03-31
3495f63c-d026-4cfc-aadc-b75264741427,6a193248-3534-4f7b-8e11-6bcc1dbec6fd,Charger,2,1184.64,2024-08-02
f7d809f1-729e-4d4c-a6e1-186de5024c69,78c67eb9-1114-4514-956a-41bac4c016f0,Charger,2,512.78,2025-06-11
499681ab-1d22-4ad8-9bb0-a334760d854e,3310bf58-aeaa-4526-979c-eff4051a0692,TV,1,1296.45,2024-10-17
dcc2a66a-1a4c-4e4a-bbf2-7860dfc13289,f9136eeb-5945-4497-ae70-c9f945297b67,TV,4,1002.82,2025-05-05
b00d8812-7b81-452c-a65a-794686dd7772,9c29a98c-f35a-4216-a022-191cf635135a,Headphones,3,448.09,2025-05-27
bfca0ff5-2687-4a20-bd7e-9ab1dde3454d,42b7685e-76fd-4882-aa1d-cf44bc58b0f0,Phone,3,1371.64,2025-01-23
bfd5c61e-7d61-46ba-9319-7f5e19a56c88,5f8bbea2-7982-41eb-bc2e-b73f3a7aa767,Charger,3,1598.77,2024-10-28
9501457c-111c-4179-ada9-6e586732edf5,b6572e5d-ed44-4e03-9707-da060c632697,TV,5,1726.48,2024-10-07
a89ea270-5dbc-4c81-b045-ef93cf2b9d8f,f182d756-c1cf-4eaa-a06b-8bb5c3e947ca,TV,1,1077.64,2024-10-01
935ca849-9450-4004-9535-63ec2856110f,c3f399fb-76bb-4be0-ad18-29a7baaf6634,Phone,1,1692.12,2024-12-01
75d1e828-7718-4e73-b200-ebfa9d7d8a5d,4c9d469a-35cb-4f32-b425-b9f925fb6f7f,Charger,3,679.34,2025-01-24
419718ad-bbee-45bb-ba37-737609920671,81f8afd2-cc19-4868-ac35-010a87de9504,TV,2,321.41,2024-12-11
05f5f5ee-6f14-4bdf-bd44-f0385478378d,25150581-da46-4e82-89d4-4a9f8df49132,Phone,4,1717.1,2024-08-02
dbebd03e-131c-4b60-ad06-acf787c55186,90420655-2053-4398-b1b2-246a37ac640a,Phone,2,1990.01,2025-06-09
7ba318b5-eaf1-46fb-9ee1-4a02e8904a77,d6f25178-5afe-4622-b682-9256368a8619,Headphones,1,620.73,2025-05-21
ecb9f552-ae3f-4533-994b-f43fc6f7c50b,722eda5f-5277-43cf-addd-e3906d1d0f06,TV,4,1362.35,2024-08-12
fbea871f-2b5e-4c57-b97e-581a7f59b24d,e76a9cbe-9449-458a-90a1-2c4252b57264,Charger,3,1508.29,2024-11-02
147e82a9-66e9-4781-8933-dbb4c1b1beaa,928b6c03-1b86-44f2-8656-232b43a87065,Phone,4,219.07,2025-04-27
7ec842db-3bd6-44dc-b9ba-365f7415b527,78c67eb9-1114-4514-956a-41bac4c016f0,TV,2,636.24,2024-12-28
c124e36b-d587-43eb-8db8-439e02fb697c,d69ef02b-1990-44b7-a963-e83d530f58fc,Headphones,3,1137.62,2025-06-19
12a0e795-e821-4863-bfab-868f8fc16c94,f5cedb99-1509-4f5c-be3f-a2e13b3f92de,TV,1,1706.84,2024-11-08
3cefb0b1-4be5-427a-8561-7c389ed605b9,6337c853-aa7c-4a29-98b4-0f056763a5ed,Headphones,4,1128.4,2025-02-08
acc2ea53-e8b4-4906-afa1-919a72339c24,badaa641-ac20-44a2-ad70-5b710417e34e,Laptop,3,1740.81,2025-04-22
157a3e86-1559-447f-8403-67b6e195a491,c3f399fb-76bb-4be0-ad18-29a7baaf6634,Phone,1,1259.38,2024-12-01
7db6f5bb-bf1f-4358-8f6d-5b96f81f9095,db34e2b8-52e5-441d-a179-24626f8e56cb,TV,2,623.17,2025-01-03
19e93f76-ac9d-4f1f-8e64-55457717d9ff,35463031-7ad3-49d3-81ff-88d0837d2000,Headphones,5,1222.31,2024-11-25
a17de565-6b1c-408d-a032-b0efe760dba2,f5f05b64-e2e2-4d16-a15c-112215aff953,Charger,4,50.81,2024-07-10
8e36aaea-ba11-4f4d-974d-de9677f8b53c,f5f05b64-e2e2-4d16-a15c-112215aff953,Headphones,1,1337.0,2024-09-23
c65a1f19-53dc-4e6f-aa43-f965244607ba,3101fa46-db57-4b4d-a88c-657a57e3da86,Charger,3,1804.42,2024-10-06
a679053d-ff8a-496a-bc34-927f1e7c0ba9,ddf3661c-05e4-4f34-8d99-1d51ffca0833,Headphones,2,555.64,2025-01-15
dfb10177-ca0f-4b60-9893-37ee47fed1ad,9c29a98c-f35a-4216-a022-191cf635135a,Laptop,3,1980.42,2024-11-29
347e2000-114f-4de7-868a-898be1c50404,1a0e7e62-2ea4-413f-b764-efa294cb982b,Charger,1,205.75,2025-06-26
04ab404a-955a-4f4b-bdcb-2e962a507685,3101fa46-db57-4b4d-a88c-657a57e3da86,TV,3,1329.09,2024-07-25
c0925c75-1496-4160-b50c-df277477eef0,16a1a3b0-167e-4623-8b58-a669883a8ce8,Charger,3,566.47,2025-03-21
12056082-928b-42d1-a78a-e07980386df1,43fbe9d3-645d-42d0-be7d-b9aeb681efb7,Laptop,3,1527.08,2025-06-08
efeb0a1f-a37b-4754-8a1c-5c1e4419f63d,b1f23130-7873-418f-8763-82fa28a7069c,Headphones,4,1976.12,2024-11-03
8785f58e-0ad2-473e-9916-b2627be22cad,25150581-da46-4e82-89d4-4a9f8df49132,TV,1,1081.25,2025-05-17
1cbec77d-4b28-4d60-807b-e40233b7dfbc,83acb20e-253f-4b1c-ad26-32b337d32877,Headphones,5,1671.56,2025-03-21
a72fe8c3-b073-4d91-8837-58d0921c38cb,b1f23130-7873-418f-8763-82fa28a7069c,TV,4,296.34,2025-04-05
4246f28e-63fd-4417-90f6-e15b5fc2a6ca,8217c19a-29c2-4a52-a15d-eed93bfa7674,Laptop,2,576.72,2025-06-29
efb482a0-6e38-4716-ae70-9bffc706db8f,d6f25178-5afe-4622-b682-9256368a8619,Charger,4,1089.14,2024-09-28
ec688b14-74b1-47c8-b73e-7b493e5f717f,81f8afd2-cc19-4868-ac35-010a87de9504,TV,2,463.36,2024-10-17
d435340e-aa8a-4f68-b10b-b0274d99b86a,4c9d469a-35cb-4f32-b425-b9f925fb6f7f,Charger,3,612.62,2024-08-20
88fc9d64-b19f-418e-9958-92a086e08a19,5dfcf177-3220-4e36-90df-5dcbc85302a3,Headphones,5,688.79,2025-06-23
4c5d6504-28e9-4f08-97e4-d5d8457d4f5e,8217c19a-29c2-4a52-a15d-eed93bfa7674,TV,2,469.53,2024-11-05
d8248fb7-3ab2-4283-ae60-d35eadaeacff,f9136eeb-5945-4497-ae70-c9f945297b67,Headphones,3,638.67,2025-03-26
73e8de27-4777-4f4b-bad7-54e029b28926,f5f05b64-e2e2-4d16-a15c-112215aff953,Laptop,5,1435.58,2024-08-16
f5a2ca9e-9b2b-4afb-ac71-dbcf6b9e793a,ba819a20-5bf3-4ea4-b216-48b5b175ecfb,Laptop,3,296.13,2025-06-09
650c011c-a580-4af7-b63e-c7a65be517bd,8124a0cc-4dc9-465c-ba96-4b67aedc0a22,Charger,1,1964.68,2024-09-06
3f5b0a44-82ec-4c8f-9d41-04c85bde9c09,278716b7-5cbf-4276-9fc8-59470d811de1,TV,5,1816.33,2024-12-19
eeccf538-8652-4f55-8c1a-6a97c0c26994,aff084cc-4296-4a85-9d31-88be2777f032,Laptop,1,240.96,2025-04-26
4ea44189-f707-47ef-b1b2-27f5a3041f24,f182d756-c1cf-4eaa-a06b-8bb5c3e947ca,Laptop,3,924.9,2025-06-20
d76cc72d-3909-431a-84d7-a17537155573,ba819a20-5bf3-4ea4-b216-48b5b175ecfb,Phone,3,1454.77,2024-09-06
fc43fa54-23a5-4f29-a335-fd9455766f45,c3f399fb-76bb-4be0-ad18-29a7baaf6634,Phone,5,1335.13,2025-04-16
4490ffe3-937e-4a96-a68e-a8b922ecbb16,6337c853-aa7c-4a29-98b4-0f056763a5ed,Phone,1,241.79,2025-03-21
ba9c3696-43e3-4f52-b723-78b7c7242044,60b4c272-4d53-446b-80fd-5d369b571031,Phone,4,294.64,2024-11-10
2fa0e8a2-92c6-4ada-a348-dbe043138c0d,5942f647-461d-4b36-99ec-57085333c6bb,Headphones,5,1849.48,2025-02-11
35aca222-0e2b-4d69-b70f-79b87709d9ea,3386736b-24e0-49ca-ae0c-1014346c9610,Headphones,4,122.89,2024-08-14
89201510-4cec-4f95-aa65-75ce4eddf4fd,80bdf451-3b8f-4a75-9b41-df3f9a256180,TV,5,279.44,2024-12-21
33801e58-88fa-4dd0-825b-fc29dbfcd383,cc9f26c5-21c6-45e9-ba9d-5621027cd02f,Laptop,1,925.94,2025-04-27
f1f61b97-2259-4412-bbc0-239d9c5a38f5,b6572e5d-ed44-4e03-9707-da060c632697,Headphones,2,912.6,2024-12-21
e2f9c35c-513d-46e2-989e-b6049bfe5480,db34e2b8-52e5-441d-a179-24626f8e56cb,Phone,4,739.26,2025-01-12
fc07b9ed-8c03-4ae3-a077-a65f4401b239,42b7685e-76fd-4882-aa1d-cf44bc58b0f0,TV,1,1232.97,2024-11-27
01b18d8e-e537-4d1c-8ef8-83302f84899d,6a193248-3534-4f7b-8e11-6bcc1dbec6fd,Laptop,5,651.74,2025-05-04
a65b757e-a0d5-4b08-bfee-718e7301e17e,7e1a43ec-f404-4c01-b095-8ac5cb453990,Charger,3,1330.43,2024-11-05
e8910d17-ce1f-4298-a803-18962dc2f6cf,5f8bbea2-7982-41eb-bc2e-b73f3a7aa767,Laptop,3,881.85,2024-07-06
0965f893-6521-4604-a603-e746579d125d,db34e2b8-52e5-441d-a179-24626f8e56cb,Headphones,1,85.92,2025-07-02
79ea200b-13c9-4257-a241-7ae0e967d66d,f5cedb99-1509-4f5c-be3f-a2e13b3f92de,TV,4,1019.95,2025-03-14
bcf47577-0657-4f95-9e28-ccf3875556e8,aff084cc-4296-4a85-9d31-88be2777f032,Laptop,3,1338.13,2025-06-17
9e3901f2-511f-4a00-94e2-994dd4e82b16,ddf3661c-05e4-4f34-8d99-1d51ffca0833,Phone,3,131.01,2025-02-24
6462c62f-d76c-4e9f-a6aa-3d7667549c54,1a0e7e62-2ea4-413f-b764-efa294cb982b,TV,5,1348.49,2024-11-08
3ef67c8a-48ff-4515-9077-71604947efdc,1353a675-7cea-4030-a5a6-9eb8c25132f6,Charger,5,929.12,2025-05-25
a9480631-fde9-41a9-9afe-65852b1fc2c9,f5f05b64-e2e2-4d16-a15c-112215aff953,Charger,5,966.05,2024-08-14
f91de735-b648-46b9-80c2-b10128871f20,d6f25178-5afe-4622-b682-9256368a8619,Phone,1,1775.23,2024-10-05
a957eb9e-9063-436f-ad9b-04a81089af50,1a0e7e62-2ea4-413f-b764-efa294cb982b,Charger,4,1890.45,2024-11-15
2a183eb0-86b6-4a14-8786-226a6ad0c721,81f8afd2-cc19-4868-ac35-010a87de9504,Charger,3,1239.46,2025-04-03
e5765276-ca15-4d9e-82fe-fd8249e101d7,1a0e7e62-2ea4-413f-b764-efa294cb982b,Laptop,2,1974.83,2025-03-29
b67dd06a-963d-4987-94d5-398700e7483b,360102b7-d74f-42b0-a759-61bd7bdc1ae0,Laptop,1,1055.72,2025-02-13
3028959c-40dd-42e4-b1ea-6f70692ccee3,80bdf451-3b8f-4a75-9b41-df3f9a256180,Laptop,2,881.45,2025-02-24
289f3d2b-139a-4ad6-be97-685a62e4023e,3a8b40dd-863a-4a38-85a7-447bdd85ab77,Charger,1,1465.09,2024-07-29
e27d8a6c-1eeb-4ebe-9df0-fe05050f0192,0c72b06c-5781-4338-bcbe-43113218eb2f,Headphones,2,159.28,2024-11-10
b5cd0186-2ea2-4e7f-9910-c43d96cf6f17,928b6c03-1b86-44f2-8656-232b43a87065,Laptop,5,413.14,2025-02-28
77cc4a0b-0872-4bf2-9cfd-170c24e4aab2,43fbe9d3-645d-42d0-be7d-b9aeb681efb7,Laptop,5,1492.21,2025-01-30
c6124736-6876-4440-b5b2-87fe74731e22,d69ef02b-1990-44b7-a963-e83d530f58fc,Laptop,1,525.14,2024-08-15
6b8605fd-8c9f-4fb3-8c9a-ceb4447aa947,55d2a2be-ba77-44d7-ad7c-a309efa7721a,Headphones,4,1957.68,2024-11-19
8b4b04fb-119e-483e-bd73-d7bb78ee6964,83acb20e-253f-4b1c-ad26-32b337d32877,TV,2,1319.24,2024-11-01
327a0cb0-b9e1-475e-a3fd-4c3c8effc4c4,5cb87cad-6b36-40d6-bb65-e89393ee418f,Charger,1,147.15,2025-01-15
3f1a411f-14d9-44b5-b04b-b6a38272e653,c6f8ab51-2057-447b-906b-e952d3496648,Headphones,5,1049.59,2025-04-09
c40abbcd-cd2f-4cbb-b1db-a426d7dfe02d,d7374eef-098a-4d1f-aab6-970f0eea6a8a,Headphones,3,196.66,2025-06-23
4389421f-d658-417f-b479-ed62bc334997,b1c62f82-4c7b-4de9-8ba2-963b312a7b5f,TV,4,654.59,2024-12-17
1f27a3a6-f17c-4e2e-bb27-e2d7b3919030,3a8b40dd-863a-4a38-85a7-447bdd85ab77,Charger,2,1952.67,2025-06-29
5a046791-46cb-4e0c-aa5c-b686ad6051c7,cc40bb30-fa73-4e43-b233-ade677e9ad0c,Phone,5,59.05,2024-12-02
91f27f57-032a-4766-959a-f1616eaccdc4,8accbe78-e2c1-4df8-aae0-cd5458420a65,Laptop,3,1114.54,2024-10-07
e19b6c32-7bb1-4ed3-970f-f652614bedfd,5f8bbea2-7982-41eb-bc2e-b73f3a7aa767,TV,1,756.2,2024-10-21
ea424c93-52ed-455e-a904-36da2e728828,2f3fb958-954b-4b06-8d5b-5c7dfaa10972,TV,5,1247.09,2024-11-09
3f7a1639-cd41-4c93-af6d-bf645904e21f,35463031-7ad3-49d3-81ff-88d0837d2000,Phone,5,1246.08,2024-11-15
85483ded-5642-4ba6-8ff1-cade0b5a70b9,1a0e7e62-2ea4-413f-b764-efa294cb982b,Phone,5,1920.59,2024-10-20
e6fc96ed-3aaa-43a8-b5cb-74c3fb2ebe2b,78c67eb9-1114-4514-956a-41bac4c016f0,TV,5,712.29,2025-02-26
5470bea9-2b73-49e6-880f-584647b1755c,8accbe78-e2c1-4df8-aae0-cd5458420a65,Phone,2,868.75,2025-06-05
8c82de10-eeba-474f-869c-6e804944a4f3,90420655-2053-4398-b1b2-246a37ac640a,TV,1,1819.54,2025-03-06
2340a8dc-769a-4982-9de0-c34fb8d9dadd,719c523e-1fbb-4d9b-ba1b-02acdae10ccb,Phone,5,493.06,2024-10-23
294e3820-4253-4705-96c7-bb8a750f9c30,9735912d-3f15-4aac-b30b-1a8f551ce260,TV,3,228.58,2025-03-24
f0e42a45-bc5b-43c1-9315-ad1cedae0cb6,badaa641-ac20-44a2-ad70-5b710417e34e,TV,5,418.57,2025-03-27
db37e338-4dc7-47eb-8750-8d2bfa156774,360102b7-d74f-42b0-a759-61bd7bdc1ae0,Laptop,3,560.38,2024-11-18
dcd15d13-57f6-4cec-820c-615a905d126b,aff084cc-4296-4a85-9d31-88be2777f032,Phone,3,1278.8,2025-01-31
df5ce80b-b8e3-4434-a0e9-b0af9d85a368,e0f0a280-02c7-4a5d-830c-6565ef655a0b,Phone,5,1548.41,2025-05-28
7244c642-5ee0-40e8-aa24-f02087ba6bc5,18d0caed-6143-409d-9c62-bc22d35466b5,Charger,4,526.67,2024-11-01
abad448b-1baf-4692-81a0-2db4467aeb1d,b166ac2e-1c02-4d1c-a702-493440221dbf,Charger,4,978.1,2025-04-11
91b1db14-113e-4d57-bbef-ab66c442aca9,faaf76f8-105e-4106-bad0-bead1c688392,Headphones,4,781.26,2024-07-28
86bd45ec-36a9-454e-a8f7-5dcae9b2cf19,3310bf58-aeaa-4526-979c-eff4051a0692,Phone,5,316.91,2024-12-13
5ad0a65c-aece-48b2-b9b5-7acb6e2b7952,b743a2dd-5629-4d8c-a502-53cb1321cc8e,Charger,4,534.09,2025-01-11
147e2eb6-2eae-49a6-b6ff-24eae67ec1e5,8217c19a-29c2-4a52-a15d-eed93bfa7674,TV,2,775.61,2024-09-28
e68d8455-abcc-4d86-b009-2b9380a0d867,90420655-2053-4398-b1b2-246a37ac640a,Laptop,5,409.15,2024-12-09
9e7ee349-b1ec-4fe6-8f04-3eceecd4d467,5cb87cad-6b36-40d6-bb65-e89393ee418f,TV,2,1864.22,2024-10-06
cb4978c5-4173-4865-809c-29595ea076e3,d69ef02b-1990-44b7-a963-e83d530f58fc,Phone,3,1637.53,2024-12-09
d660f220-6d16-48a5-bc81-28a33f67f717,83acb20e-253f-4b1c-ad26-32b337d32877,Charger,3,1606.61,2024-12-30
2ea85f38-4c67-43cb-8e65-8ffb9308ecfd,ccee42b9-f152-4e7e-ae3d-8041fb386520,Laptop,2,1243.53,2025-02-20
18120db6-b9cf-4b15-abf3-2213da793a3e,35463031-7ad3-49d3-81ff-88d0837d2000,Phone,5,716.56,2025-04-06
020f8cbd-047f-40bb-bd0d-2487c2d7da67,9cfcf20a-c61e-4e8a-8689-9b80d8fee3ec,TV,4,717.42,2024-09-11
f4090158-7f53-4bbc-88fd-704a88f1c13a,83acb20e-253f-4b1c-ad26-32b337d32877,Headphones,3,964.51,2024-12-03
62136b23-77d9-45b3-adc1-34a1fa3404fd,1831d1d9-d91f-4473-ab61-44c7ce2d2b7f,Charger,4,1654.64,2025-02-23
43babc1d-7e5d-4173-9562-f88c03ecf068,1159da14-5a5c-4c10-a514-bceee8e749fd,TV,4,431.0,2024-07-07
ef0c27d4-96dc-4050-ad34-cf3bd2775114,5f42d05e-fa44-48f6-8b29-6e59d98c3c28,Headphones,3,1230.06,2024-12-05
3de02a75-bc01-4efd-bffe-9da8946cfef5,d7374eef-098a-4d1f-aab6-970f0eea6a8a,Phone,2,1216.7,2025-06-11
8f6474ba-b6c8-49f4-ad1e-38dab9a591b4,c6f8ab51-2057-447b-906b-e952d3496648,Headphones,3,151.94,2024-12-03
362d6a68-2383-456e-8178-e96b3ba68ae5,50156407-c6f9-4d60-830a-6dcff53eb11b,TV,2,1270.32,2024-11-04
1d27a721-258f-486c-8e13-15b4e450017f,fa11228f-a2b6-4c12-8756-f6a0eff96146,Headphones,1,1530.07,2024-10-04
29919e6f-7eb5-4cd3-8ca3-292746fcfbcd,9735912d-3f15-4aac-b30b-1a8f551ce260,Charger,2,201.22,2025-01-25
62745103-95c1-42a6-9875-3981f58a5f5a,2f3fb958-954b-4b06-8d5b-5c7dfaa10972,Charger,5,1283.5,2024-08-12
ff959383-e50a-4438-bd2d-35cd1bbe66a2,86095e0e-46a6-4f86-b698-c0dac55b39f3,Charger,2,482.27,2025-03-26
515d0d7e-d511-4594-b7f8-6dd1d984dbc0,0018c2f8-427f-41c1-b38e-6af6cea368fc,Headphones,4,1904.79,2025-02-11
8ef1477b-b523-4965-878c-2c8bf2f42759,b153a1d4-ddd6-4a32-a8db-8841a2d39b46,TV,4,498.95,2025-04-10
b65a5377-6e28-45c1-b4ed-94c58e4f9bcd,278716b7-5cbf-4276-9fc8-59470d811de1,Laptop,3,1759.92,2024-08-05
0e78c67d-f381-4eea-ad87-1c74f7d5ae70,cc9f26c5-21c6-45e9-ba9d-5621027cd02f,Headphones,1,355.24,2025-02-02
7676336b-4c94-465c-92a5-2da2cc771090,928b6c03-1b86-44f2-8656-232b43a87065,TV,3,1981.08,2025-01-26
1cbda17c-4dfc-4fc9-87ec-382b48e81a68,719c523e-1fbb-4d9b-ba1b-02acdae10ccb,Headphones,1,318.28,2024-11-22
365c71e2-5716-4652-bb2c-ca0cf30046f3,17a897c2-789f-460b-ad57-68d461649461,Laptop,1,1807.31,2025-02-22
a78674a1-8d32-40d6-8b6a-46aaada69de2,c8c88e7f-dde6-4f36-9bd2-898bed8640ad,TV,3,1678.33,2024-07-17
f26db5bf-94f6-4f8b-87ee-a3a67d63b7d5,c8c88e7f-dde6-4f36-9bd2-898bed8640ad,Phone,3,636.72,2024-07-14
fdc10ce8-4f1e-4382-90f8-7794dfc0adf4,9735912d-3f15-4aac-b30b-1a8f551ce260,Phone,1,1080.97,2025-02-08
5c3bf586-266f-445f-8289-ae449e150d3c,81f8afd2-cc19-4868-ac35-010a87de9504,Phone,2,1128.7,2024-11-04
cfdecfa6-4719-495c-89a9-a8561110e4e5,928b6c03-1b86-44f2-8656-232b43a87065,TV,4,1547.3,2024-08-11
f5b7f085-e062-43ef-b756-ac8e08b46bdf,badaa641-ac20-44a2-ad70-5b710417e34e,TV,5,1934.24,2025-06-22
1359c2eb-0dd0-43a4-b668-329d02e661e9,83acb20e-253f-4b1c-ad26-32b337d32877,TV,5,773.55,2025-04-25
8dab30f8-9aed-4404-8b6d-9ed7ae4bb4d4,d1105895-7c16-4f2e-a03d-977aa5832dd9,Headphones,3,262.69,2024-11-14
b5d580ed-2b95-4cb1-be74-52b13ddf9a58,dba4e238-eb10-4e58-8223-c1914521e241,Laptop,2,1070.85,2024-09-17
5d243a55-a143-4311-b17a-cad5eefb9bfd,ae7507dd-a699-4d7f-b7b6-f40c7543cd72,Phone,1,59.96,2025-04-12
380de369-bd50-4694-b7d4-b4bfef02a126,f13e2c0c-1a39-4fc2-8480-7f2a67c24082,TV,3,372.17,2025-02-21
5c84582a-c4bb-4efb-924f-f77c10a775dd,16a1a3b0-167e-4623-8b58-a669883a8ce8,TV,3,680.7,2025-05-17
d689efca-7069-4e83-9d2f-d6061eae89f7,badaa641-ac20-44a2-ad70-5b710417e34e,Headphones,2,773.03,2025-02-12
406eb42e-dd90-407a-8771-bd0c5a636755,cc40bb30-fa73-4e43-b233-ade677e9ad0c,Headphones,3,1669.58,2025-06-04
67249b34-7e4d-4989-ad70-321e95d5e5e7,cc9f26c5-21c6-45e9-ba9d-5621027cd02f,Charger,4,377.38,2025-02-03
51189a4b-9b14-4e46-a528-4d4aa3f95ef2,0d322814-3239-41d0-bedc-c09c67d6678e,Phone,3,1244.81,2025-05-07
43622643-c094-475f-8e58-a607ef34a115,b153a1d4-ddd6-4a32-a8db-8841a2d39b46,Headphones,2,1110.86,2024-11-08
02c6d2ed-4f31-4afa-89a6-169a41a985ef,69b88611-28b2-4ac0-8643-0ede8ed93a74,TV,5,107.41,2025-03-11
ff3b63c8-5625-4fbe-828a-4b9848c90aa4,81f8afd2-cc19-4868-ac35-010a87de9504,Headphones,2,905.09,2025-03-29
65248adc-6dd5-4438-840f-904489756087,b466e5c1-6e10-4b4b-ab25-50c193d9ed6b,Phone,2,957.92,2025-02-25
ab05eb3c-04d3-4c95-97b5-982e2b035da4,5cb87cad-6b36-40d6-bb65-e89393ee418f,Headphones,5,1656.71,2025-03-04
59d29729-d98d-418d-aed1-895932e1179b,42b7685e-76fd-4882-aa1d-cf44bc58b0f0,Phone,1,885.49,2024-08-04
b66b5937-761a-4cfc-8c62-ff2c0612da6c,ce02f28c-d1b5-4662-b936-985199d0b69d,Charger,5,493.46,2024-12-17
29e39769-2fcb-4464-9500-92a71006b93b,17a897c2-789f-460b-ad57-68d461649461,Laptop,3,1093.63,2024-08-08
454691c5-ee79-4c9e-b925-1624f68fe699,5f8bbea2-7982-41eb-bc2e-b73f3a7aa767,TV,5,610.95,2024-08-26
c758c837-fb60-4890-8447-bef145651648,5f8bbea2-7982-41eb-bc2e-b73f3a7aa767,Laptop,1,1494.91,2025-07-01
3407f173-9cbf-4cb7-bb07-678000c6b2a2,1159da14-5a5c-4c10-a514-bceee8e749fd,Phone,5,1557.6,2024-10-08
e9b27d09-60df-441a-8124-614859896c7d,d6f25178-5afe-4622-b682-9256368a8619,TV,5,1344.07,2024-09-08
41555798-24d0-40f1-97b8-5bd78d1b507a,8124a0cc-4dc9-465c-ba96-4b67aedc0a22,Headphones,3,1807.99,2025-06-11
1d1caf61-236c-4062-be4c-901dcde7cc43,6c5deff7-222f-45f7-99c0-a3c67331b969,Headphones,5,650.48,2025-05-15
e8ddaa99-fdc8-4c6a-a4dc-5de2211e99db,1a0e7e62-2ea4-413f-b764-efa294cb982b,Headphones,2,205.61,2024-07-25
63ed3d78-f2a1-4618-bac9-574c344aae07,3a8b40dd-863a-4a38-85a7-447bdd85ab77,TV,5,1299.34,2025-01-17
09d426f4-18be-45ee-a87e-a7ede6662d76,2f3fb958-954b-4b06-8d5b-5c7dfaa10972,Headphones,4,1032.26,2025-01-29
670a9157-e5eb-46bf-8499-7718a19fee45,18d0caed-6143-409d-9c62-bc22d35466b5,TV,5,1684.55,2025-04-08
3801eb55-9b58-4ba0-966d-16bed84f7f19,9c29a98c-f35a-4216-a022-191cf635135a,TV,5,1894.88,2025-01-21
7597036c-c959-4e40-83fb-c100be8d1b31,ddf3661c-05e4-4f34-8d99-1d51ffca0833,Phone,1,1943.21,2024-09-24
b1c6464b-321f-4061-bd45-883449969586,722eda5f-5277-43cf-addd-e3906d1d0f06,Phone,1,106.99,2025-03-04
cb3268cb-e7db-4a55-9d80-9f2707760901,b166ac2e-1c02-4d1c-a702-493440221dbf,Laptop,4,1275.7,2024-10-09
353fa132-b504-4d5a-b40c-28b7bf78d0f7,43fbe9d3-645d-42d0-be7d-b9aeb681efb7,Phone,1,1937.79,2025-05-30
341a05f8-e6fb-482c-8765-e95345616b34,217a5b30-a97a-4ed3-a4ad-3adc5a9c6efa,TV,1,1470.34,2024-12-12
9af6c165-517a-4fc1-a2ab-89d68fb125bd,2f3fb958-954b-4b06-8d5b-5c7dfaa10972,TV,5,1698.73,2024-09-02
5bf50f62-9d60-46ed-aabf-6d469edde1ff,5dfcf177-3220-4e36-90df-5dcbc85302a3,Headphones,5,1011.97,2025-04-18
b1272e89-1ccf-4c04-9f3a-7f17937a65bc,43fbe9d3-645d-42d0-be7d-b9aeb681efb7,Charger,2,156.53,2025-03-16
22cba092-4a83-47dd-9dfe-d3d78814020e,f270d9ee-398d-4394-9e83-b7b0f0e3233e,TV,1,218.21,2025-04-30
01a9835b-5f6b-412f-bfd1-f39ecbf3a1c0,8217c19a-29c2-4a52-a15d-eed93bfa7674,Headphones,2,289.61,2025-06-08
439a455e-ce57-440a-bcdf-8686db1cf89a,5dfcf177-3220-4e36-90df-5dcbc85302a3,Headphones,2,1483.01,2024-07-23
d61e4e17-f177-464b-a739-4b8dca37e7fc,f182d756-c1cf-4eaa-a06b-8bb5c3e947ca,Charger,3,586.55,2025-04-01
56c21873-8a4e-4ea3-b30d-57609b349425,cc40bb30-fa73-4e43-b233-ade677e9ad0c,Headphones,5,1202.59,2024-08-20
87340117-987b-467c-8d31-ba476a767f47,05d88417-be12-4f66-ac07-de5f052ea68d,Phone,3,482.65,2025-05-19
91d372ce-b173-4eae-9fb0-41d364267cc5,e76a9cbe-9449-458a-90a1-2c4252b57264,Phone,5,1402.47,2024-12-07
30fc7d80-485d-4eca-b1cb-5b8ceecd444c,6a193248-3534-4f7b-8e11-6bcc1dbec6fd,Phone,1,1914.01,2024-11-07
dcc03e75-b53a-47c3-b0f8-71ae459c2c56,45fc6863-2505-425b-9076-1f121696a3ff,TV,1,1176.96,2025-04-15
5adaa035-bfdd-4c6b-af75-e1e44337b000,cc40bb30-fa73-4e43-b233-ade677e9ad0c,Charger,3,670.72,2025-06-20
4139351f-0249-4505-8645-cbcd842867ea,b466e5c1-6e10-4b4b-ab25-50c193d9ed6b,Charger,4,462.47,2025-06-29
07272bb7-a6f5-485b-8501-656f442fa65e,ce02f28c-d1b5-4662-b936-985199d0b69d,Phone,5,1258.2,2024-08-06
9701bf65-15f0-4224-a2a0-d1e605d00c3c,aff084cc-4296-4a85-9d31-88be2777f032,Phone,4,1242.39,2024-11-05
cd573259-6edc-418f-b37f-ca06b2ca9b7b,c6f8ab51-2057-447b-906b-e952d3496648,Phone,5,1847.87,2024-10-03
754faaa4-7de2-4308-87b7-0ae1e7692464,b466e5c1-6e10-4b4b-ab25-50c193d9ed6b,Charger,3,1841.96,2025-01-25
53529911-ddf1-47c3-ac55-592af24b642a,8accbe78-e2c1-4df8-aae0-cd5458420a65,TV,2,775.57,2024-10-05
e588402f-dd92-4a1b-a26b-90361e0875fc,45fc6863-2505-425b-9076-1f121696a3ff,Headphones,5,745.12,2025-03-11
7dc0f426-c2fa-445a-935a-baee84d053a2,e0f0a280-02c7-4a5d-830c-6565ef655a0b,Headphones,3,306.37,2025-04-21
dd610571-8b03-4b51-9c2e-670ec0071501,8accbe78-e2c1-4df8-aae0-cd5458420a65,Laptop,5,1741.32,2024-07-17
b5e41785-d795-4014-b9c2-b6ec6267967f,5dfcf177-3220-4e36-90df-5dcbc85302a3,Charger,3,1549.52,2025-02-16
e0e2b9f7-4a3a-43ff-b0af-071b9c1f5a26,05d88417-be12-4f66-ac07-de5f052ea68d,TV,3,138.21,2024-07-07
b6a2f488-196e-4758-9a6d-d2d570d8b55c,5cb87cad-6b36-40d6-bb65-e89393ee418f,TV,5,1196.51,2025-06-07
32902458-4122-4bac-b0e9-c61a367be241,05d88417-be12-4f66-ac07-de5f052ea68d,Charger,5,1855.43,2025-01-02
80ce4eeb-bb6d-4a74-b801-2bfe05c421fd,05d88417-be12-4f66-ac07-de5f052ea68d,TV,1,1059.04,2024-12-03
789f9ca0-111b-4007-b960-6323b1a990a1,8124a0cc-4dc9-465c-ba96-4b67aedc0a22,Charger,1,130.79,2025-01-06
50d7d0e5-1423-4fc8-bc8f-71709061c1a3,5dfcf177-3220-4e36-90df-5dcbc85302a3,Headphones,1,911.9,2024-12-24
021decf2-3c84-43df-b5e7-f1e427d00828,1831d1d9-d91f-4473-ab61-44c7ce2d2b7f,TV,4,1534.45,2025-06-16
e987968c-ad4e-4563-93e6-388fe270ea3c,3386736b-24e0-49ca-ae0c-1014346c9610,TV,2,877.68,2024-11-13
85a4bf4d-3279-4ade-8098-0a0b97539c3f,c8c88e7f-dde6-4f36-9bd2-898bed8640ad,Phone,1,1570.12,2025-02-10
6ad5f6dd-6a92-4a43-9aaf-59b91b2d560f,fa11228f-a2b6-4c12-8756-f6a0eff96146,TV,5,73.64,2025-07-03
ad1d360c-f83d-45be-b1f6-04232a67f565,c3f399fb-76bb-4be0-ad18-29a7baaf6634,Phone,4,475.79,2024-11-11
1fed3257-8613-47c2-8fd4-161bd63c3c3d,6a193248-3534-4f7b-8e11-6bcc1dbec6fd,Laptop,5,1982.64,2024-11-03
aac3c5d7-9855-48fb-b7da-64c88446cd7b,41a25cd2-9595-492e-9611-2895bdde4a24,Headphones,1,970.37,2024-08-30
aac30aa5-4331-45bb-9470-f74c9c8b74bf,0c72b06c-5781-4338-bcbe-43113218eb2f,Headphones,2,370.9,2024-11-19
5ecc4144-a1f2-461f-9c0f-1c7baf529e14,2f3fb958-954b-4b06-8d5b-5c7dfaa10972,TV,3,1640.77,2024-12-23
2d87f654-ca3d-48d1-81d0-7045e50b370c,0dd96194-438d-4269-b3c1-a9c70a9ba625,Laptop,5,1531.43,2025-05-10
186a4590-c1e3-4f5d-8747-bcc4ddb6249a,cc40bb30-fa73-4e43-b233-ade677e9ad0c,Laptop,1,740.71,2024-11-24
bacc4cfa-783d-48db-b5a4-f58940f5fe99,c8c88e7f-dde6-4f36-9bd2-898bed8640ad,Headphones,4,278.75,2025-03-04
3b74cd0f-5c61-4ec5-8f9d-462785e8ae3a,f9136eeb-5945-4497-ae70-c9f945297b67,TV,4,1236.48,2025-01-23
c199401c-fa07-42fd-8cbd-f567f5c9364a,b1f23130-7873-418f-8763-82fa28a7069c,Phone,3,980.76,2024-11-18
8bd6ed48-dc9f-4152-bc7b-efdb34f15bc6,5dfcf177-3220-4e36-90df-5dcbc85302a3,Phone,4,1176.38,2025-02-08
f6cff00e-31b2-4b49-a089-b0ba9083144f,5dfcf177-3220-4e36-90df-5dcbc85302a3,Laptop,2,1162.21,2024-07-05
e21e8266-c0eb-49fe-a4d5-a676416d371d,9735912d-3f15-4aac-b30b-1a8f551ce260,Charger,3,1230.66,2025-05-21
d7892332-2b58-48fc-85ce-a082e325bd86,0c72b06c-5781-4338-bcbe-43113218eb2f,TV,5,472.93,2024-07-09
5481ecca-fff9-4758-ace8-7a36e45e2ed4,78c67eb9-1114-4514-956a-41bac4c016f0,Phone,5,1285.49,2024-07-17
39fd7a60-e217-4c49-949b-626329312c63,ba819a20-5bf3-4ea4-b216-48b5b175ecfb,Phone,2,1437.9,2025-07-03
9ff66588-3399-471b-b3db-e305b4b68544,ba819a20-5bf3-4ea4-b216-48b5b175ecfb,Charger,5,1744.09,2024-08-16
3a034caa-26e5-4a0c-8310-e00094aedb77,2c634477-c025-4cb2-9ee2-1bc04e4d1e8d,Charger,4,154.34,2025-01-15
dcedb9be-01a6-4f2d-9ca9-4e3de6833354,f270d9ee-398d-4394-9e83-b7b0f0e3233e,Headphones,4,697.04,2024-08-04
b725f46a-df8f-47ec-928f-39f9b29d9759,aff084cc-4296-4a85-9d31-88be2777f032,Phone,3,1203.8,2024-12-29
4fcf4689-61da-45ed-a88e-5b1b93ec9cee,0dd96194-438d-4269-b3c1-a9c70a9ba625,TV,1,1825.14,2024-08-16
f560a8a9-addf-452b-8b38-cf811416b343,90420655-2053-4398-b1b2-246a37ac640a,Phone,4,635.49,2024-08-10
8b166660-2ef6-4f4f-97fd-c1b91995656e,45fc6863-2505-425b-9076-1f121696a3ff,Phone,4,586.7,2025-04-18
63bb5663-dcc0-45a4-b3d9-90d9c0f89139,b153a1d4-ddd6-4a32-a8db-8841a2d39b46,Laptop,1,1906.38,2025-03-06
febc1ad6-f7a4-4ae6-9e88-cdde6fd596e5,faaf76f8-105e-4106-bad0-bead1c688392,Headphones,3,587.99,2025-04-24
64813198-8789-4cd5-b5b4-523e8fa71774,55d2a2be-ba77-44d7-ad7c-a309efa7721a,Charger,1,159.77,2024-07-08
4a626304-2580-4d29-a08c-3a92912b0914,80bdf451-3b8f-4a75-9b41-df3f9a256180,TV,5,1801.07,2025-04-04
5123a7dd-d021-46a4-b1c8-1d258bbbc216,d1105895-7c16-4f2e-a03d-977aa5832dd9,Charger,1,674.33,2025-05-26
f6b516cc-f8e1-4d1b-862a-cba25f31d0a7,35463031-7ad3-49d3-81ff-88d0837d2000,Headphones,5,156.95,2025-02-03
9a8988e5-07bf-4026-9289-2148e05075c6,78c67eb9-1114-4514-956a-41bac4c016f0,TV,1,1650.02,2025-06-08
289fc270-60ca-4bf8-8df3-d9c0c0ca3d8c,0018c2f8-427f-41c1-b38e-6af6cea368fc,TV,4,1000.2,2025-02-08
1ef7b73b-343d-4ae6-a11d-97ccddd4f714,6337c853-aa7c-4a29-98b4-0f056763a5ed,TV,4,1852.2,2025-04-13
a569b738-d4d7-4641-911f-4005b03fc61d,fa11228f-a2b6-4c12-8756-f6a0eff96146,TV,4,1487.06,2025-01-19
59d52177-b3ec-4be9-a198-03c463b3c072,7e1a43ec-f404-4c01-b095-8ac5cb453990,Phone,2,1322.93,2025-04-26
9c80b3ae-6b30-48fc-bf65-bdafb83bb4da,69b88611-28b2-4ac0-8643-0ede8ed93a74,TV,1,1242.83,2025-06-09
c9dfc90e-4feb-478a-ab13-4a31cbd0b9f1,722eda5f-5277-43cf-addd-e3906d1d0f06,TV,4,1491.13,2025-02-14
748e8f87-9a27-462b-abe2-cde3c3bfc75c,faaf76f8-105e-4106-bad0-bead1c688392,Headphones,1,1539.32,2025-03-12
3064ef68-ea0b-4ca3-848a-345bd39988ea,4c9d469a-35cb-4f32-b425-b9f925fb6f7f,Headphones,5,1548.39,2025-03-28
04eb6d54-91c3-4ef2-baae-d7700bae16d8,45fc6863-2505-425b-9076-1f121696a3ff,Phone,4,274.75,2025-04-27
d2fcb2d5-ca67-4d7b-b4ac-2e2129ec5972,badaa641-ac20-44a2-ad70-5b710417e34e,Phone,2,1220.7,2024-11-04
d251cba3-c863-4a05-807d-845d511a67fb,b6572e5d-ed44-4e03-9707-da060c632697,Charger,5,1189.43,2024-10-10
ce23aa8d-6b6f-461a-9f93-4ad557b01884,9a2edb00-dd33-4476-b6ed-506a543212e1,TV,5,522.25,2024-12-25
3e70ddb5-d4f8-422a-bc4b-884f9230c516,d69ef02b-1990-44b7-a963-e83d530f58fc,Headphones,4,1391.63,2025-02-14
18f8f230-9f63-4d8f-88e6-b5b00d18a72d,0474f022-f3b2-4c7c-aedb-fe540a52db01,TV,3,1423.68,2024-12-17
1f7e4830-2c2f-4023-9f1c-f662a0c795f9,aff084cc-4296-4a85-9d31-88be2777f032,Headphones,2,1430.69,2025-05-14
3c6b7117-5b08-4600-ab6a-5dcbec17c37d,b1c62f82-4c7b-4de9-8ba2-963b312a7b5f,Laptop,3,52.67,2024-08-27
e6caa44c-4396-4206-87c0-29a49d00350e,3310bf58-aeaa-4526-979c-eff4051a0692,Headphones,4,1376.46,2024-11-19
166c413f-2f14-41ec-a3a2-77c6c1ae58e6,c8c88e7f-dde6-4f36-9bd2-898bed8640ad,Headphones,4,1165.19,2024-12-10
dae17243-326b-4cbb-9242-5c1b5b85e8f1,9735912d-3f15-4aac-b30b-1a8f551ce260,Headphones,5,1990.46,2025-01-05
a151d457-1203-495b-8333-892f3533b921,e0f0a280-02c7-4a5d-830c-6565ef655a0b,Headphones,3,837.51,2024-08-29
8e8d3b44-a8aa-42a5-b960-27baef44147e,cc40bb30-fa73-4e43-b233-ade677e9ad0c,Phone,4,1491.2,2024-11-30
c02eed9a-4fad-416d-b64e-48f0c8a927ab,8217c19a-29c2-4a52-a15d-eed93bfa7674,Laptop,1,245.73,2025-04-07
045a9c81-dacf-49b6-b1b3-6e3e134a6ea3,41a25cd2-9595-492e-9611-2895bdde4a24,TV,4,360.87,2024-07-20
3ec70da8-b1f6-4658-a9e4-80749cd8fd7e,2c634477-c025-4cb2-9ee2-1bc04e4d1e8d,Phone,5,487.53,2024-12-26
61303cc2-8159-412b-b742-72251e831d98,d7374eef-098a-4d1f-aab6-970f0eea6a8a,Charger,1,590.27,2024-10-06
e83cc00b-c8c2-4a24-b298-dbe999c01da9,6c5deff7-222f-45f7-99c0-a3c67331b969,Laptop,4,473.14,2024-09-15
108e89d5-852a-4702-9756-d509b6853b98,35463031-7ad3-49d3-81ff-88d0837d2000,Headphones,1,267.03,2025-04-14
9712a775-9aac-4fee-a656-7a0b290ff151,3310bf58-aeaa-4526-979c-eff4051a0692,TV,5,1662.34,2025-06-25
ac1903de-b064-44f2-9b0e-b4d763da2beb,3386736b-24e0-49ca-ae0c-1014346c9610,Headphones,2,822.8,2024-09-29
4c39699c-102b-42fb-ac79-5021c935024d,2f3fb958-954b-4b06-8d5b-5c7dfaa10972,Laptop,3,194.73,2024-08-27
728be406-3e0b-4dd7-b77d-8dd9f5a5055c,bbf614dd-c258-476b-b4e5-11bc78eed5e5,Headphones,5,1371.03,2025-05-16
